{"SQL_ON/rewards/bleu": 87.06482696533203, "SQL_ON/rewards/nll": -5.806576728820801, "SQL_ON/loss": 862.0651245117188, "SQL_ON/sequence_length": 5.0, "SQL_ON/loss-normalized": 172.4130096435547, "SQL_ON/v2/0/Q/min": 19.207849502563477, "SQL_ON/v2/0/Q/max": 23.0490779876709, "SQL_ON/v2/0/Q/mean": 21.954282760620117, "SQL_ON/v2/0/V/min": 19.207857131958008, "SQL_ON/v2/0/V/max": 23.0490779876709, "SQL_ON/v2/0/V/mean": 21.95428466796875, "SQL_ON/v2/0/A/min": -9.37779805099126e-06, "SQL_ON/v2/0/A/max": 0.0, "SQL_ON/v2/0/A/mean": -2.0027162008773303e-06, "SQL_ON/v2/0/Q_/min": 18.677715301513672, "SQL_ON/v2/0/Q_/max": 33.41508865356445, "SQL_ON/v2/0/Q_/mean": 23.104000091552734, "SQL_ON/v2/0/V_/min": 16.916162490844727, "SQL_ON/v2/0/V_/max": 21.371623992919922, "SQL_ON/v2/0/V_/mean": 20.23558235168457, "SQL_ON/v2/0/A_/min": -2.452821731567383, "SQL_ON/v2/0/A_/max": 12.74570083618164, "SQL_ON/v2/0/A_/mean": 2.8684184551239014, "SQL_ON/v2/0/H/min": 0.009270117618143559, "SQL_ON/v2/0/H/max": 0.009407047182321548, "SQL_ON/v2/0/H/mean": 0.009300061501562595, "SQL_ON/v2/0/H_/min": 0.009359287098050117, "SQL_ON/v2/0/H_/max": 0.010420365259051323, "SQL_ON/v2/0/H_/mean": 0.009580709040164948, "SQL_ON/v3/0/Q/min": 19.207849502563477, "SQL_ON/v3/0/Q/max": 23.0490779876709, "SQL_ON/v3/0/Q/mean": 21.954282760620117, "SQL_ON/v3/0/V/min": 19.207857131958008, "SQL_ON/v3/0/V/max": 23.0490779876709, "SQL_ON/v3/0/V/mean": 21.95428466796875, "SQL_ON/v3/0/A/min": -9.37779805099126e-06, "SQL_ON/v3/0/A/max": 0.0, "SQL_ON/v3/0/A/mean": -2.0027162008773303e-06, "SQL_ON/v3/0/V_/min": 16.916162490844727, "SQL_ON/v3/0/V_/max": 21.371623992919922, "SQL_ON/v3/0/V_/mean": 20.23558235168457, "SQL_ON/rewards/raw": 81.25825500488281, "SQL_ON/rewards/shaped": 31.258255004882812, "_runtime": 7358, "_timestamp": 1629776111, "_step": 3112, "val/rewards/bleu": 88.26087951660156, "val/rewards/nll": -6.018113613128662, "val/GEM/N": 10, "val/GEM/bleu": 0.5341087579952926, "val/GEM/meteor": null, "val/GEM/rouge1": 0.0, "val/GEM/rouge2": 0.0, "val/GEM/rougeL": 0.0, "val/GEM/rougeLsum": 0.0, "val/score": 82.24275970458984, "val/target_length": 5.0, "val/output_length": 5.0}