{"SQL_ON/rewards/bleu": 26.637128829956055, "SQL_ON/rewards/nll": -4.819190979003906, "SQL_ON/loss": 2411.947021484375, "SQL_ON/sequence_length": 5.0, "SQL_ON/loss-normalized": 482.389404296875, "SQL_ON/v2/0/Q/min": 0.8447238802909851, "SQL_ON/v2/0/Q/max": 3.9679183959960938, "SQL_ON/v2/0/Q/mean": 2.3910951614379883, "SQL_ON/v2/0/V/min": 7.113889217376709, "SQL_ON/v2/0/V/max": 14.582313537597656, "SQL_ON/v2/0/V/mean": 10.369359016418457, "SQL_ON/v2/0/A/min": -10.625961303710938, "SQL_ON/v2/0/A/max": -5.396737575531006, "SQL_ON/v2/0/A/mean": -7.9782633781433105, "SQL_ON/v2/0/Q_/min": -28.182064056396484, "SQL_ON/v2/0/Q_/max": 10.774089813232422, "SQL_ON/v2/0/Q_/mean": 2.9270668029785156, "SQL_ON/v2/0/V_/min": 10.636232376098633, "SQL_ON/v2/0/V_/max": 10.774089813232422, "SQL_ON/v2/0/V_/mean": 10.691131591796875, "SQL_ON/v2/0/A_/min": -38.956153869628906, "SQL_ON/v2/0/A_/max": 0.07077042758464813, "SQL_ON/v2/0/A_/mean": -7.764065742492676, "SQL_ON/v2/0/H/min": 8.864226341247559, "SQL_ON/v2/0/H/max": 10.803365707397461, "SQL_ON/v2/0/H/mean": 9.775798797607422, "SQL_ON/v2/0/H_/min": 10.828323364257812, "SQL_ON/v2/0/H_/max": 10.828590393066406, "SQL_ON/v2/0/H_/mean": 10.828436851501465, "SQL_ON/v3/0/Q/min": 0.8447238802909851, "SQL_ON/v3/0/Q/max": 3.9679183959960938, "SQL_ON/v3/0/Q/mean": 2.3910951614379883, "SQL_ON/v3/0/V/min": 7.113889217376709, "SQL_ON/v3/0/V/max": 14.582313537597656, "SQL_ON/v3/0/V/mean": 10.369359016418457, "SQL_ON/v3/0/A/min": -10.625961303710938, "SQL_ON/v3/0/A/max": -5.396737575531006, "SQL_ON/v3/0/A/mean": -7.9782633781433105, "SQL_ON/v3/0/V_/min": 10.636232376098633, "SQL_ON/v3/0/V_/max": 10.774089813232422, "SQL_ON/v3/0/V_/mean": 10.691131591796875, "SQL_ON/rewards/raw": 21.81793785095215, "SQL_ON/rewards/shaped": -28.182064056396484, "_runtime": 397, "_timestamp": 1629768682, "_step": 163, "val/rewards/bleu": 42.90022277832031, "val/rewards/nll": -5.287780284881592, "val/GEM/N": 10, "val/GEM/meteor": null, "val/GEM/rouge1": 0.0, "val/GEM/rouge2": 0.0, "val/GEM/rougeL": 0.0, "val/GEM/rougeLsum": 0.0, "val/GEM/bleu": 0.5341087579952926, "val/score": 37.6124382019043, "val/target_length": 5.0, "val/output_length": 5.0}